ageNaiveBayes,ageRandomForest,ageSGD,ageSVM,id,realAge
25-34,25-34,35-49,18-24,pachogruas,25-34
25-34,35-49,10-17,18-24,naturalvoyager,50-xx
35-49,35-49,10-17,18-24,isanseba,50-xx
25-34,35-49,10-17,18-24,juancarcubeiro,50-xx
18-24,25-34,10-17,18-24,antoniorull,25-34
25-34,35-49,18-24,18-24,angelmgtech,25-34
25-34,35-49,10-17,18-24,ser_seo,35-49
18-24,35-49,10-17,18-24,srouvier,35-49
18-24,35-49,10-17,18-24,marta_dominguez,35-49
25-34,35-49,10-17,18-24,sorianomarina,18-24
25-34,35-49,10-17,18-24,marielabejar,35-49
35-49,35-49,10-17,18-24,vanis,35-49
35-49,18-24,10-17,18-24,titatorro,18-24
18-24,35-49,10-17,18-24,jgarridoo,50-xx
25-34,35-49,10-17,18-24,pep_jimenez,35-49
25-34,35-49,10-17,18-24,silviacobo,35-49
25-34,35-49,35-49,18-24,sandra_garciaf,35-49
18-24,25-34,10-17,18-24,pabloformoso,25-34
10-17,25-34,18-24,18-24,heteronima,25-34
25-34,50-xx,10-17,18-24,globalbrand_,35-49
18-24,35-49,10-17,18-24,julietabolullo,25-34
25-34,35-49,10-17,18-24,pepecuesta,35-49
10-17,35-49,10-17,18-24,mrgomezponce,35-49
18-24,25-34,10-17,18-24,juancmselma,35-49
35-49,35-49,10-17,18-24,mranera,50-xx
10-17,35-49,18-24,18-24,lutxana,25-34
50-xx,18-24,50-xx,18-24,milaximenez,50-xx
25-34,35-49,10-17,18-24,hector_cabrera_,35-49
35-49,35-49,10-17,18-24,anamariallopis,50-xx
35-49,35-49,10-17,18-24,nataliagomez_es,35-49
18-24,35-49,10-17,18-24,jesusgallent,25-34
25-34,35-49,10-17,18-24,energica,25-34
25-34,35-49,10-17,18-24,aliciapomares,35-49
50-xx,35-49,50-xx,18-24,chapoypati,50-xx
35-49,35-49,10-17,18-24,mgdelpozuelo,35-49
10-17,25-34,10-17,18-24,pcvillarcayo,35-49
25-34,35-49,10-17,18-24,charoizquierdo,50-xx
25-34,35-49,10-17,18-24,gomezrufo,50-xx
18-24,35-49,10-17,18-24,factoriagris,35-49
35-49,35-49,10-17,18-24,rodriguezbraun,50-xx
10-17,25-34,10-17,18-24,mlaudisio,25-34
25-34,25-34,10-17,18-24,manuelgimnez,35-49
25-34,35-49,10-17,18-24,el_pakozoico,25-34
35-49,35-49,10-17,18-24,luisdiazdeldedo,25-34
25-34,10-17,10-17,18-24,acliment,35-49
25-34,25-34,10-17,18-24,carmengelices,35-49
50-xx,35-49,50-xx,18-24,esperanzaguirre,50-xx
35-49,35-49,10-17,18-24,teresa_perales,35-49
18-24,18-24,25-34,18-24,pablo_astudillo,25-34
35-49,35-49,10-17,18-24,ejoana,50-xx
50-xx,50-xx,50-xx,18-24,iescolar,35-49
18-24,25-34,10-17,18-24,amigerpe,25-34
50-xx,35-49,50-xx,18-24,carmenalcayde,35-49
10-17,18-24,18-24,18-24,juliett1215,18-24
10-17,18-24,18-24,18-24,sofi_devega,18-24
18-24,18-24,25-34,18-24,marcecosta1891,18-24
18-24,18-24,25-34,18-24,alejandroide_25,25-34
18-24,25-34,10-17,18-24,tomii0410,10-17
10-17,18-24,18-24,18-24,alemandra19,18-24
10-17,18-24,18-24,18-24,camfla,50-xx
10-17,18-24,18-24,18-24,gabrielf0rmento,18-24
18-24,18-24,25-34,18-24,fraancodaaniel1,10-17
10-17,18-24,18-24,18-24,jurimarok,10-17
10-17,18-24,18-24,18-24,neverlandlss,10-17
25-34,18-24,10-17,18-24,damianloyarte,18-24
10-17,18-24,18-24,18-24,facusuarez08,18-24
18-24,18-24,18-24,18-24,silvakaren8,18-24
18-24,18-24,10-17,18-24,micaelaagomeez1,18-24
25-34,18-24,18-24,18-24,damindylanpino1,18-24
25-34,25-34,35-49,18-24,astrosgarbuyo,25-34
10-17,18-24,10-17,18-24,maguicamposs,18-24
10-17,18-24,18-24,18-24,yulijusto13,10-17
18-24,18-24,10-17,18-24,dorregocaro,10-17
10-17,18-24,18-24,18-24,djnilogb,18-24
18-24,18-24,25-34,18-24,yuliireynoso,18-24
18-24,18-24,18-24,18-24,karusilva1,10-17
10-17,10-17,18-24,18-24,paufrancisco123,10-17
10-17,18-24,18-24,18-24,lucasanhornok,10-17
18-24,18-24,25-34,18-24,criscedola,18-24
10-17,18-24,18-24,18-24,laurabat55,50-xx
18-24,18-24,10-17,18-24,coty_gastaldo,18-24
25-34,25-34,18-24,18-24,jhonagarcia5,25-34
18-24,18-24,10-17,18-24,lucilagav,18-24
10-17,18-24,18-24,18-24,nikko_cabrera,18-24
18-24,35-49,25-34,18-24,dangaer,25-34
10-17,10-17,18-24,18-24,karolse48822803,18-24
10-17,18-24,10-17,18-24,cgezzio,18-24
10-17,18-24,18-24,18-24,daiogarcia2,18-24
10-17,18-24,10-17,18-24,leytonley,18-24
10-17,18-24,18-24,18-24,galebuena,10-17
18-24,18-24,18-24,18-24,ssdiaz19,18-24
10-17,18-24,10-17,18-24,ivandjdv,10-17
10-17,10-17,18-24,18-24,ludfdz102,10-17
18-24,18-24,10-17,18-24,martinfagundez,18-24
25-34,25-34,10-17,18-24,grupohasar,35-49
10-17,18-24,18-24,18-24,antotusa,18-24
10-17,18-24,18-24,18-24,andreamachado57,18-24
10-17,18-24,18-24,18-24,nacho744,18-24
10-17,18-24,18-24,18-24,abrucelibertiok,18-24
25-34,25-34,10-17,18-24,publicisimpetu,50-xx
18-24,18-24,25-34,18-24,valelucas_95,18-24
10-17,18-24,18-24,18-24,tatianamartin3z,10-17
18-24,18-24,10-17,18-24,velazquezkevin1,18-24
10-17,18-24,18-24,18-24,roldanrodrigo3,10-17
18-24,18-24,25-34,18-24,nicolastripoli,18-24
10-17,18-24,10-17,18-24,demarcobianca,10-17
10-17,18-24,18-24,18-24,annto_b,18-24
10-17,18-24,10-17,18-24,luucasnico,18-24
18-24,18-24,25-34,18-24,milulaarroquy,18-24
10-17,18-24,18-24,18-24,sistimartin,18-24
10-17,18-24,18-24,18-24,iaanerik,18-24
10-17,25-34,18-24,18-24,gustavoanselmi1,35-49
10-17,18-24,18-24,18-24,spastrana_01,10-17
10-17,18-24,10-17,18-24,nahubacigaluppi,10-17
25-34,18-24,10-17,18-24,liberluna,18-24
10-17,18-24,18-24,18-24,lu_leg_,10-17
18-24,18-24,25-34,18-24,joseerosaa,18-24
10-17,18-24,18-24,18-24,alan_corrarello,18-24
10-17,10-17,10-17,18-24,naniolivera1,18-24
10-17,18-24,18-24,18-24,macakroneberger,18-24
25-34,10-17,18-24,18-24,joaking_ok,10-17
18-24,18-24,18-24,18-24,marinoni22,18-24
18-24,18-24,25-34,18-24,alvarezfiorelaa,18-24
10-17,18-24,18-24,18-24,lubirenc,18-24
10-17,18-24,18-24,18-24,gabriel_218,25-34
10-17,18-24,18-24,18-24,eveehanahi,18-24
10-17,18-24,18-24,18-24,08brunook,18-24
10-17,18-24,18-24,18-24,naiaramallo,25-34
18-24,18-24,25-34,18-24,valentinnn_gg,18-24
10-17,18-24,18-24,18-24,lucasclemente88,10-17
10-17,18-24,10-17,18-24,morelliguido_,18-24
10-17,18-24,18-24,18-24,meluu58,10-17
18-24,18-24,25-34,18-24,lupecarola,18-24
18-24,18-24,10-17,18-24,pityporcel,10-17
18-24,18-24,25-34,18-24,maluquinteirook,18-24
18-24,18-24,10-17,18-24,romiiacosta97,18-24
25-34,35-49,35-49,18-24,alexisgabriel_s,18-24
18-24,18-24,10-17,18-24,fede_canepa79,18-24
18-24,18-24,10-17,18-24,luzaranda00,18-24
10-17,18-24,18-24,18-24,fedecaetano_1,18-24
18-24,18-24,10-17,18-24,santiagocalerok,25-34
25-34,18-24,10-17,18-24,lhraste,10-17
25-34,35-49,10-17,18-24,estudiosvet,10-17
18-24,18-24,10-17,18-24,rociovecino_19,18-24
10-17,18-24,18-24,18-24,10iriondo,10-17
18-24,18-24,25-34,18-24,guzmanpaz99,18-24
18-24,18-24,25-34,18-24,miqqaelamicaela,18-24
18-24,18-24,10-17,18-24,adrialba97,18-24
10-17,18-24,18-24,18-24,soofividelaa,10-17
18-24,18-24,10-17,18-24,learojitaaaaa,18-24
18-24,18-24,18-24,18-24,meliigonzzz,18-24
10-17,18-24,10-17,18-24,_anitaquiroga,18-24
10-17,18-24,18-24,18-24,camilocampero_,18-24
25-34,18-24,18-24,18-24,capdevila2000,10-17
10-17,18-24,25-34,18-24,_garii__,10-17
10-17,18-24,18-24,18-24,joacoodelcampo,10-17
10-17,18-24,18-24,18-24,florvmipride,18-24
10-17,18-24,18-24,18-24,cxfxo,25-34
18-24,18-24,25-34,18-24,francocabj32,18-24
18-24,18-24,10-17,18-24,facuduarte1902,10-17
10-17,18-24,18-24,18-24,caamitrezza,18-24
18-24,18-24,25-34,18-24,totomayora,18-24
18-24,18-24,18-24,18-24,orianamanfredo,18-24
10-17,35-49,18-24,18-24,ffjorgeramirez,35-49
18-24,18-24,10-17,18-24,marielloza,18-24
10-17,18-24,18-24,18-24,yamilagalvan3,10-17
10-17,18-24,18-24,18-24,lauu00,10-17
25-34,35-49,10-17,18-24,apu_mederosturu,18-24
18-24,18-24,25-34,18-24,lauucalles1,18-24
10-17,18-24,10-17,18-24,elianacufre,18-24
10-17,18-24,18-24,18-24,leitogioiosa,10-17
10-17,18-24,10-17,18-24,enzogroisman,10-17
10-17,18-24,18-24,18-24,sssssharo,18-24
10-17,18-24,18-24,18-24,tblack_r,18-24
18-24,18-24,10-17,18-24,soleislas,18-24
10-17,10-17,18-24,18-24,franvalenzuela2,10-17
25-34,18-24,10-17,18-24,luhherreraa,18-24
10-17,18-24,18-24,18-24,cami892,10-17
18-24,18-24,25-34,18-24,ayee_rodriguez1,18-24
18-24,18-24,10-17,18-24,katecorderook,18-24
10-17,18-24,10-17,18-24,pablodavid02,18-24
25-34,10-17,18-24,18-24,aileenm87654749,10-17
18-24,18-24,25-34,18-24,josefinamosser,18-24
10-17,18-24,18-24,18-24,fecheblanco,18-24
18-24,18-24,10-17,18-24,flower_inspired,18-24
18-24,18-24,10-17,18-24,ivansm96,18-24
25-34,10-17,10-17,18-24,fossatigaston,10-17
18-24,18-24,25-34,18-24,tami_lr1,18-24
10-17,25-34,18-24,18-24,17muno,25-34
18-24,18-24,25-34,18-24,paaziibarbero99,10-17
10-17,18-24,18-24,18-24,mendeguia54_pn,25-34
18-24,18-24,25-34,18-24,chocholita17,18-24
10-17,18-24,25-34,18-24,ailudisipulo,18-24
10-17,18-24,18-24,18-24,reosiempre,18-24
10-17,18-24,10-17,18-24,susana_scala,18-24
18-24,18-24,18-24,18-24,jona_garciaa,18-24
25-34,18-24,18-24,18-24,macajfarias,18-24
18-24,18-24,25-34,18-24,braiinacuraok,18-24
18-24,18-24,10-17,18-24,camilostuber,10-17
10-17,25-34,18-24,18-24,sergiodanielve1,10-17
10-17,18-24,18-24,18-24,yazmin45401309,10-17
25-34,18-24,35-49,18-24,ignacioba23,25-34
10-17,18-24,18-24,18-24,crisfigueroa00,10-17
10-17,18-24,18-24,18-24,gonzalobgrosso,18-24
18-24,10-17,10-17,18-24,agusmansilla17,18-24
18-24,18-24,10-17,18-24,nahuelbaldoma,10-17
10-17,18-24,10-17,18-24,gabrielkoszko,18-24
10-17,18-24,18-24,18-24,claudio_felipe0,18-24
25-34,18-24,10-17,18-24,wistonguerra,25-34
10-17,10-17,18-24,18-24,aylenlavalletto,18-24
25-34,18-24,35-49,18-24,carosa_93,18-24
18-24,18-24,25-34,18-24,antoaguirre05,18-24
10-17,18-24,10-17,18-24,agusangelotti,10-17
10-17,18-24,18-24,18-24,melukawaii123,10-17
10-17,18-24,18-24,18-24,nahuel_acosta97,18-24
10-17,10-17,18-24,18-24,conny_scaduto27,10-17
18-24,18-24,25-34,18-24,gino_delu,18-24
25-34,10-17,10-17,18-24,inspectoresdetr,25-34
10-17,18-24,10-17,18-24,kaianetaiel27,18-24
10-17,18-24,18-24,18-24,melimansilla23,10-17
18-24,18-24,18-24,18-24,lucorripio,18-24
10-17,18-24,10-17,18-24,brianzehnderok,18-24
10-17,18-24,18-24,18-24,rocionaizke1,18-24
18-24,18-24,25-34,18-24,aniitacaru,18-24
10-17,25-34,10-17,18-24,the_pelado,25-34
10-17,18-24,18-24,18-24,luudmiipeerez,10-17
25-34,35-49,10-17,18-24,gildaglaria,35-49
18-24,18-24,25-34,18-24,melgauu,18-24
18-24,18-24,10-17,18-24,shoaburgos,18-24
18-24,18-24,10-17,18-24,ajagustinjuarez,10-17
35-49,18-24,10-17,18-24,vicky18blanco,18-24
