screen_name,friends_count,tweets_count,linkedin,snapchat,instagram,facebook,followers_count,favourites_count,qtyMentions,qtyHashtags,qtyUrls,qtyEmojis,qtyUppercase,profile_pic_gender,age
manu_zarzoso,284,633,0,0,0,0,162,366,0.07,0.1,0.1,1.05,1.46,1,18-24
antotusa,1213,27509,0,0,1,0,861,7421,0.17,0.01,0.15,0.84,3.07,2,18-24
patitolujan75,1471,38906,0,0,1,0,1449,17375,0.32,0.02,0.11,0.94,6.74,0,18-24
lajoya14,2058,14456,0,0,0,0,3176,1043,0.72,0.26,0.19,0.05,2.87,1,25-34
paoalepadilla,488,10194,0,0,0,0,434,4093,3.41,1.0,0.02,0.32,4.25,2,18-24
facundodelpuer2,2532,453,0,0,0,0,511,1366,0.64,0.07,0.09,0.9,1.54,1,10-17
pablopiriz17,450,8080,0,0,0,0,490,2364,0.33,0.01,0.17,0.71,3.22,1,18-24
luucasnico,588,6087,0,0,1,0,518,1202,0.13,0.0,0.04,0.19,1.38,1,18-24
avalos_01,244,8694,0,0,0,0,287,2642,0.04,0.0,0.17,1.21,1.52,2,18-24
pabloformoso,997,13612,1,0,0,0,1154,1197,0.87,0.21,0.3,0.48,2.78,1,25-34
shora,706,6730,0,0,0,0,5245,8,0.74,0.03,0.26,0.22,2.35,2,25-34
candelarodrgu13,137,1399,0,0,0,0,69,220,0.04,0.0,0.01,1.67,1.15,2,10-17
fatima_ro13,2083,3975,0,0,0,1,854,4762,0.06,0.13,0.44,1.95,3.29,2,18-24
vanemtl,653,39641,0,0,0,0,1477,13671,0.33,0.08,0.16,0.59,2.53,0,18-24
pamemememesia15,155,9211,0,0,1,0,242,3650,0.53,0.0,0.15,0.05,2.2,2,18-24
valentinademarc,2435,59544,0,0,0,1,2162,23813,0.38,0.04,0.14,0.3,1.8,1,10-17
015edith,178,1611,0,0,1,0,181,2244,0.29,0.01,0.07,1.16,2.71,2,10-17
_micachirinoo,350,34094,0,0,1,0,404,17130,0.23,0.03,0.29,0.92,2.72,2,18-24
matias__ferrero,581,10050,0,0,0,0,407,1938,0.44,0.0,0.06,0.1,0.74,1,10-17
juanmusumeci07,887,48429,0,0,1,0,1318,8554,0.24,0.01,0.03,0.1,3.34,1,10-17
jhonagarcia5,1160,1255,0,0,0,1,413,277,0.08,0.29,0.77,0.07,2.96,0,25-34
andreamachado57,112,987,0,1,1,0,84,1036,0.07,0.01,0.18,0.52,1.4,2,18-24
paazballesteros,862,20926,0,0,0,1,1238,5539,0.21,0.0,0.02,1.7,1.44,2,10-17
caraballoce,921,2653,0,0,0,0,418,8992,1.5,0.17,0.15,1.37,2.71,2,10-17
aguscap98,27,83221,0,0,0,0,1926,3768,0.12,0.0,0.1,0.35,1.85,1,18-24
patricionavarr0,2504,6222,0,0,0,0,1405,1868,0.11,0.02,0.15,1.31,2.25,1,18-24
andradaceleste,694,40388,0,0,0,0,801,5039,0.32,0.0,0.05,1.25,5.89,2,18-24
anahirrii,497,520,1,0,0,0,89,170,0.18,0.22,0.72,0.38,3.79,2,25-34
chrismacias1510,692,10449,0,0,0,0,723,7660,0.31,0.03,0.18,0.11,3.27,1,18-24
milibertoldi,177,6092,0,0,0,0,268,2937,0.14,0.03,0.05,0.39,2.16,2,18-24
camionrrubio,207,4430,0,0,0,0,201,1420,0.23,0.01,0.01,0.19,1.19,2,18-24
rosariomagnou,1425,49711,0,0,0,0,683,36042,5.05,0.75,0.23,0.05,58.67,2,25-34
abricabrera69,497,10666,0,0,1,0,658,579,0.01,0.0,0.07,0.17,0.95,2,10-17
eliascarranz,309,6964,0,0,1,0,364,5632,0.26,0.01,0.03,1.36,1.31,1,10-17
camila_martino,801,11362,0,0,1,0,1329,1968,0.11,0.0,0.04,0.99,2.57,2,18-24
sebascalabro,189,5578,0,0,0,0,208,846,0.25,0.0,0.02,0.19,0.95,1,18-24
tblack_r,1290,8620,0,0,1,0,1383,21826,0.2,0.09,0.06,0.74,2.27,2,18-24
08brunook,1285,53485,0,0,0,0,1354,19779,0.5,0.15,0.14,1.61,2.25,1,18-24
pinedatatiana95,1039,10772,0,0,1,0,707,2022,0.23,0.0,0.03,0.54,1.31,0,18-24
silviacobo,2753,25023,0,0,0,0,13114,2391,0.63,0.24,0.61,0.2,2.67,2,35-49
meliijiji,1958,74551,0,0,0,0,2823,15335,0.19,0.01,0.1,0.56,1.75,2,18-24
nahuelpetto,943,45004,0,0,0,0,1105,9068,0.57,0.0,0.07,0.38,1.53,1,18-24
pep_jimenez,2056,11151,0,0,0,0,1876,456,0.61,0.28,0.76,0.03,3.68,1,35-49
juleriveros,261,13594,0,0,0,0,288,2774,0.22,0.01,0.04,0.29,0.91,2,18-24
pilarroch,1524,2994,0,0,0,0,2358,474,1.4,0.34,0.45,0.06,3.46,2,35-49
facuufrancese5,848,21904,0,0,0,0,1114,10085,0.32,0.27,0.36,0.49,1.98,1,10-17
silvinaduck,183,39941,0,1,0,0,856,13876,0.03,0.03,0.07,1.2,1.19,2,18-24
pas_de_bourre,205,12333,0,0,0,0,313,2152,0.3,0.03,0.04,0.67,1.51,2,18-24
damiantwr,263,284,0,0,0,0,188,540,0.66,0.21,0.07,0.02,4.18,2,35-49
feer_delgreco,190,4577,0,0,0,0,153,3451,0.58,0.01,0.27,0.72,3.07,1,18-24
agusalonso9,2358,47936,0,0,1,0,2170,13915,0.26,0.02,0.11,0.22,1.97,2,18-24
daysanabria96,421,3133,0,0,0,0,711,1137,0.55,0.03,0.04,0.35,3.32,2,10-17
naachomarinich,590,88387,0,0,0,0,1011,11762,0.32,0.0,0.03,0.13,1.55,1,18-24
adrialba97,662,11426,0,0,0,0,710,1249,0.13,0.14,0.06,0.79,1.54,0,18-24
maitefinch,4583,29983,0,0,0,0,4891,5914,0.7,0.83,0.65,0.37,1.46,2,35-49
naruedyoh,2317,507239,0,0,0,0,173145,689,0.92,0.04,0.15,0.03,3.91,1,18-24
macaaabel,887,9687,0,0,0,0,435,4349,0.23,0.01,0.02,1.33,2.81,2,10-17
criscedola,774,33771,0,0,0,0,798,2651,0.57,0.01,0.04,0.01,0.79,1,18-24
susannagriso,568,20994,0,0,0,0,589175,1721,0.31,0.25,0.85,0.06,3.38,2,35-49
rojasmimi,151,12487,0,0,1,0,412,2659,0.61,2.33,0.03,4.43,7.26,2,18-24
mililonzo1,1068,15169,0,0,0,0,1115,1297,0.5,0.03,0.05,1.87,1.87,2,18-24
katecorderook,317,2839,0,0,1,0,524,977,0.02,0.4,0.02,0.83,3.05,2,18-24
fbflorchus,1942,719,0,0,1,1,810,29,0.01,0.05,0.92,1.4,2.14,2,18-24
mathiasdiazok,405,34281,0,0,0,0,670,7451,0.67,0.02,0.05,0.95,1.29,1,18-24
corallarrosa,772,10229,1,0,0,0,2269,1471,0.71,0.66,0.57,0.07,3.04,2,35-49
naachoherrera1,866,17701,0,0,0,0,993,3947,0.43,0.01,0.03,0.25,1.14,1,18-24
arandagustina,257,26656,0,0,0,0,180,988,0.27,0.11,0.09,0.21,1.86,2,18-24
lucasclemente88,2182,15909,0,0,0,1,1345,2659,0.01,0.01,0.15,0.4,1.56,1,10-17
daniimndez1,82,577,0,0,0,0,49,1062,0.18,0.0,0.38,1.21,2.54,2,18-24
prodigy_man,2129,9443,0,0,0,0,572,20,0.06,0.23,0.84,0.02,6.08,1,35-49
trilceramona,46,597,0,0,0,0,30,5,0.63,0.16,0.16,0.02,2.97,1,25-34
paovillarpando,141,2395,0,0,0,0,67,1394,0.19,0.05,0.06,1.54,1.93,1,18-24
lucilagav,821,16158,0,0,0,0,1219,1681,0.05,0.01,0.01,0.28,1.01,2,18-24
lhraste,329,190,0,0,0,0,271,558,2.19,1.75,0.15,0.26,6.59,2,10-17
agusvidall2,538,74902,0,1,1,1,4067,788,0.26,0.0,0.03,0.99,2.3,2,18-24
kenshin23,925,16993,0,0,0,0,816,211,0.38,0.14,0.13,0.05,3.25,1,25-34
fran_sacco,147,563,0,0,0,0,236,489,0.28,0.02,0.03,1.08,1.78,1,25-34
pablo_ezeequiel,96,1790,0,0,0,1,47,163,0.05,0.06,0.06,0.87,1.66,1,18-24
jogartra,606,2298,1,0,0,0,390,23,0.33,0.23,0.35,0.13,3.61,1,35-49
juliperaltaok,575,6105,0,0,0,0,280,1903,0.09,0.0,0.16,0.45,1.36,2,18-24
forrainmaduraok,1085,4103,0,0,0,1,951,2352,0.2,0.37,0.37,1.42,4.68,2,10-17
kareenhubscher,1104,28726,0,0,1,0,1679,3973,0.22,0.0,0.03,0.43,1.61,2,18-24
sandra_garciaf,254,118,0,0,0,0,136,18,0.64,0.18,0.72,0.16,5.92,2,35-49
nataliamindurry,729,55137,0,0,1,0,1656,3618,0.38,0.0,0.07,0.24,1.4,2,18-24
naturalvoyager,3491,9730,0,0,0,0,3052,865,0.82,0.63,0.78,0.03,7.71,1,50-xx
jossebrandoni9,655,16059,0,1,0,0,914,6738,0.21,0.01,0.05,0.94,1.21,1,10-17
maripuchi,1872,40393,0,0,0,0,7207,7736,0.97,0.36,0.2,0.46,2.5,2,35-49
alvaropereyraa,1131,68346,0,0,1,0,1840,17255,0.21,0.0,0.13,0.01,3.28,1,10-17
jesusgallent,1633,186597,1,0,0,0,10715,794,1.45,0.08,0.12,0.51,1.79,1,25-34
eduardorivolta,1529,9319,0,1,1,1,322,6238,0.65,0.06,0.04,0.1,2.6,1,25-34
norberto1956,251,3723,0,0,0,0,574,4194,1.35,0.01,0.16,0.05,3.25,1,50-xx
camilaceleste96,183,6224,0,0,0,0,147,3847,0.17,0.01,0.01,0.34,1.69,2,18-24
fabiripoll,1163,4625,0,0,0,1,646,1543,0.61,0.07,0.44,0.06,4.02,1,18-24
rrebolledo,880,3622,0,0,0,0,908,2517,0.82,0.64,0.84,0.03,4.07,2,25-34
rorro_d,1181,44011,0,0,0,0,1225,6018,0.37,0.46,0.05,0.85,3.02,1,25-34
emiliodebenito,366,11874,0,0,0,0,7004,1852,1.54,0.2,0.64,0.06,2.22,1,35-49
fraacoronel,1436,56763,0,0,0,0,3136,19629,0.33,0.0,0.08,0.16,1.72,2,18-24
miqqaelamicaela,673,25401,0,0,0,0,766,3456,0.13,0.01,0.04,1.68,1.08,2,18-24
mawakd,2672,55493,0,0,1,0,2867,22568,0.45,0.01,0.12,0.13,3.37,1,18-24
micaela59134889,94,45,0,0,0,0,20,35,0.89,0.11,0.0,1.57,2.09,0,18-24
mateodomenech,32,169,0,0,0,0,43,1,0.26,0.34,0.66,0.02,6.75,1,50-xx
nico_raffo,62332,38730,0,0,1,0,74428,19753,1.02,0.23,0.22,0.1,10.47,1,25-34
lutxana,1036,20530,0,0,0,0,1280,12702,1.05,1.14,0.82,0.11,2.5,2,25-34
anamariallopis,3911,15389,0,0,0,0,17455,1291,0.89,0.67,0.2,0.04,4.12,2,50-xx
fgd_98,922,2177,0,0,0,0,774,386,0.21,0.04,0.01,0.3,1.08,1,18-24
avecillamili,254,16415,0,0,0,0,498,6339,0.16,0.02,0.1,1.1,1.58,2,18-24
djnilogb,943,10600,0,0,0,1,754,2543,0.04,0.06,0.16,0.27,1.59,1,18-24
itsluudmiibitch,413,29885,0,0,0,1,493,354,0.04,0.02,0.26,0.44,3.02,2,18-24
valenclem,458,19756,0,0,0,0,670,3583,0.56,0.23,0.14,2.18,1.99,2,18-24
cele10rodriguez,441,4348,0,0,0,0,387,814,0.14,0.04,0.11,0.31,1.26,1,18-24
roburato1,649,4371,0,0,0,0,480,1157,0.11,0.16,0.0,1.1,1.7,2,18-24
falex1041,688,470,0,1,1,0,424,931,0.28,0.41,0.04,0.61,3.64,1,18-24
agoosbusso,1253,6229,0,0,0,0,590,3383,0.16,0.0,0.06,1.12,2.2,2,18-24
juliagomezcora,297,2256,0,0,0,0,2482,1541,0.71,0.11,0.21,0.1,2.65,2,35-49
marti_barneda,613,23459,0,0,0,0,827,13872,0.32,0.0,0.07,0.85,1.82,1,10-17
alanpachecooo,1335,131073,0,0,1,0,2919,4008,0.43,0.0,0.05,0.77,3.92,1,18-24
manuelgimnez,131,600,0,0,0,0,528,442,0.46,0.78,0.81,0.06,4.02,1,35-49
alemandra19,291,6275,0,0,0,1,229,2817,0.19,0.01,0.07,0.45,1.21,0,18-24
antoscodellaro,1277,30657,0,0,0,0,636,3013,0.23,0.0,0.01,0.46,1.36,2,18-24
jorge_frias1968,50,1576,0,0,0,0,193,538,0.97,0.25,0.27,0.05,5.8,1,18-24
pablodavid02,720,4460,0,0,1,0,710,3736,0.21,0.03,0.03,0.48,2.19,1,18-24
claudiogarcia82,1898,27966,0,0,0,0,2320,779,0.07,2.59,0.97,0.04,4.66,1,25-34
alduad,618,2079,0,0,0,0,639,849,0.14,0.01,0.09,0.98,2.27,2,10-17
aguusdell_,642,6482,0,1,1,1,411,6940,0.2,0.04,0.14,1.31,1.88,2,18-24
romiiacosta97,1265,20431,0,0,0,1,1499,3949,0.07,0.02,0.08,0.73,1.5,2,18-24
maguicamposs,517,8937,0,0,0,1,905,3515,0.17,0.01,0.08,0.82,1.44,2,18-24
antoaguirre05,1032,43430,0,0,0,1,1125,9234,0.31,0.02,0.1,1.18,1.62,2,18-24
micaperk,1278,20808,0,0,1,0,1149,3615,0.08,0.01,0.12,0.93,2.73,2,18-24
romii_rodrilu,228,3295,0,0,0,0,158,2565,0.13,0.0,0.11,0.85,1.83,2,10-17
alonsoguada,293,47871,0,0,0,0,638,3020,0.27,0.01,0.01,0.73,1.71,2,18-24
gildaglaria,138,194,0,0,0,0,146,133,0.27,0.03,0.52,0.04,3.44,1,35-49
28bernardita,492,5488,0,0,0,0,506,4789,0.53,0.0,0.37,0.66,2.74,2,10-17
gabiplanas_rrhh,2523,1950,0,0,0,0,1641,1609,0.96,1.64,0.46,0.08,4.2,2,35-49
rogarcia___,1091,36225,0,0,1,0,1486,16737,0.32,0.0,0.04,0.28,3.27,2,18-24
rossicamiiii,435,6886,0,1,1,1,327,3643,0.33,0.0,0.1,0.21,1.68,0,18-24
cesardalmau,151,2946,1,0,0,0,1179,67,1.26,1.36,0.07,0.11,3.89,1,35-49
diaznap,430,1076,0,0,0,0,618,458,1.28,0.03,0.13,0.02,3.31,0,10-17
carolinagavilan,544,2018,0,0,0,0,642,1141,0.82,0.2,0.71,0.16,3.18,2,35-49
adelaidauma,278,253,0,0,0,0,2420,2,0.54,0.05,0.6,0.02,3.97,2,50-xx
cruuuz_emi,1438,21884,0,0,1,0,1805,5864,0.13,0.18,0.04,1.6,4.13,1,18-24
melaalvarezok,898,32218,0,0,0,1,684,10588,0.44,0.03,0.19,1.06,2.99,2,10-17
mateofagundez,1378,19235,0,0,0,1,1520,14129,0.19,0.0,0.21,0.2,1.11,0,18-24
neit_rc,336,3959,0,0,0,1,384,334,0.12,0.16,0.08,0.12,2.79,1,18-24
luuli_espeche15,692,2010,0,0,0,0,267,820,0.24,0.01,0.1,1.28,3.57,2,10-17
julidorado15,843,22032,0,0,0,0,981,2919,0.04,0.12,0.01,1.08,1.57,0,10-17
aldanacumler,3577,5275,0,0,0,0,3027,3028,0.29,0.02,0.06,0.33,5.81,2,10-17
florrmorales22,1040,6658,0,0,0,0,926,1744,0.19,0.01,0.01,0.49,1.91,2,18-24
luzzcoficial1,13,21,0,0,0,0,0,73,1.0,0.21,0.21,0.14,6.36,1,10-17
mariiarana15,271,9458,0,0,0,0,284,1063,0.05,0.02,0.05,0.94,1.78,2,18-24
agusvidalok,575,9208,0,0,0,1,875,4864,0.57,0.02,0.1,0.76,2.0,1,18-24
ivanpuente,177,9022,0,0,0,0,1014,1194,0.47,1.13,0.41,0.11,4.93,1,25-34
fedeabatangelo,833,39770,0,1,1,1,1529,10812,0.43,0.0,0.07,0.08,1.08,0,18-24
giulianatrigo,1090,37307,0,0,0,0,1261,6790,0.11,0.0,0.09,0.95,1.34,2,18-24
simooseijas,412,26924,0,0,0,0,476,1948,0.4,0.02,0.05,0.54,2.32,1,18-24
anisan23,96,741,0,0,0,0,82,185,0.12,0.04,0.02,0.03,1.91,1,35-49
matias11ce,450,4965,0,1,1,0,883,1058,0.23,0.0,0.07,0.55,1.24,1,10-17
gimenatb,156,1565,0,0,0,1,181,361,0.37,0.13,0.06,0.56,4.42,2,18-24
cordemaca,85,2199,0,1,0,0,87,1726,0.39,0.0,0.04,0.99,1.23,1,10-17
faculiencres,662,25582,0,0,0,1,768,10539,0.38,0.01,0.14,0.05,1.61,1,18-24
meluu58,254,4605,0,0,0,0,237,1657,0.57,0.51,0.18,1.45,5.94,1,10-17
isanseba,640,37610,0,0,1,0,108664,4386,1.42,0.04,0.21,0.37,3.12,2,50-xx
sebatorok,494,14952,0,0,0,0,11465,4652,1.31,1.33,0.26,0.2,4.62,1,10-17
fede_canepa79,611,21012,0,0,0,0,829,1448,0.13,0.0,0.01,0.82,1.1,1,18-24
lularossi98,539,613,0,0,0,0,152,2976,0.24,0.21,0.17,1.58,3.52,2,10-17
santiagopepe_91,1911,7605,0,0,0,0,891,3338,0.83,0.71,0.19,0.17,5.67,0,25-34
flower_inspired,2791,59354,0,0,0,0,3280,185,0.1,0.18,0.23,0.4,6.53,2,18-24
e_valero,1224,4542,0,0,0,0,1370,2830,1.35,0.51,0.25,0.36,2.62,2,35-49
ani_0697,297,11185,0,0,0,0,441,2381,0.42,0.0,0.19,0.72,2.29,2,18-24
victoriabritos8,308,1522,0,0,1,1,61,3951,0.52,0.75,0.11,0.83,4.82,2,10-17
aliciapomares,6789,30752,0,0,0,0,25060,14819,1.55,0.6,0.61,0.57,2.83,2,35-49
aguuus28,588,4709,0,0,0,1,580,2655,0.06,0.01,0.04,0.56,1.57,1,18-24
orellanojuliana,442,51,0,0,0,0,11,249,2.01,0.14,0.0,0.91,1.34,2,18-24
facuureynoso99,237,1866,0,0,1,0,231,1638,0.46,0.0,0.11,0.38,1.24,1,18-24
mikomonik,247,5088,0,0,0,0,272,17,0.41,0.99,0.41,0.25,4.29,2,18-24
jopoopareja,340,9369,0,0,0,0,485,2094,0.08,0.0,0.13,0.51,1.2,1,18-24
ursucollantesbl,372,5573,0,0,1,0,410,4607,0.37,0.08,0.03,0.69,1.51,2,25-34
agusquirozgauna,1244,17843,0,1,0,1,1223,8095,0.16,0.01,0.12,0.8,1.92,2,10-17
davidveracai,650,2686,0,0,0,0,113,33,0.03,0.01,0.03,0.09,1.37,1,25-34
camilaaimem,602,12423,0,0,0,0,575,1090,0.16,0.03,0.22,0.34,2.56,2,10-17
soofividelaa,487,17553,0,0,0,0,609,7105,0.16,0.0,0.06,0.44,4.16,2,10-17
karolse48822803,110,11,0,0,0,0,4,45,0.33,0.0,0.0,3.5,3.0,2,18-24
nico_lopez0,118,294,0,0,0,0,94,150,0.4,0.02,0.27,0.13,2.65,1,10-17
vikiimiraballes,768,26003,0,0,0,0,1122,1729,0.08,0.0,0.06,0.32,1.26,1,10-17
arangocoaching,2638,13895,0,0,0,0,5364,670,0.86,0.4,0.49,0.08,2.0,2,35-49
agustinaaruvira,419,18344,0,0,0,0,535,4988,0.19,0.0,0.16,0.91,1.49,2,18-24
nikko_cabrera,1311,5665,0,0,0,0,865,5049,0.15,0.28,0.22,0.42,3.68,1,18-24
anavidalegea,288,206,0,0,0,0,388,174,0.39,0.93,0.4,0.09,3.09,2,25-34
blasesquenon,235,6698,0,0,0,1,370,3239,0.31,0.02,0.12,0.47,1.29,1,10-17
webempresa20,5843,26225,0,0,0,0,20595,1477,0.12,0.01,0.95,0.05,2.23,2,50-xx
chinojsg,335,38605,0,0,0,0,790,7555,0.19,0.0,0.42,0.51,1.12,1,18-24
ignaciocrespo97,342,28015,0,0,0,0,525,4111,0.53,0.0,0.05,0.01,2.09,1,18-24
victoriabioque,1561,7887,0,0,0,0,2477,1406,1.16,0.89,0.38,0.05,2.69,2,25-34
morenobarber,406,1856,0,0,0,0,34391,110,0.49,0.18,0.52,0.05,4.72,1,50-xx
rodrigueeez666,763,79221,0,0,0,0,1063,20032,0.01,0.0,0.03,0.23,1.26,1,18-24
dianamateos10,830,22982,0,0,0,1,965,3114,0.07,0.0,0.02,0.62,1.37,0,10-17
joyfernandz,158,366,0,0,0,0,34,125,0.0,0.0,0.09,0.23,1.14,2,18-24
valeacevedo98,3084,15931,0,0,0,1,2908,18705,0.05,0.04,0.01,0.71,1.21,1,18-24
leogomez9999,490,28764,0,0,0,0,739,4271,0.36,0.04,0.02,1.05,1.21,1,10-17
al3xm4cie1,89,1635,0,0,1,0,118,2314,0.42,0.04,0.13,1.13,3.56,1,18-24
laurabat55,590,6261,0,0,0,0,918,8863,1.32,0.05,0.25,0.22,4.03,2,50-xx
morelliguido_,66,12646,0,0,0,0,10222,62862,0.29,0.01,0.18,0.16,2.33,1,18-24
claudiolpez11,1016,13309,0,1,1,0,944,4837,0.04,0.0,0.02,0.52,1.3,1,18-24
mabelbullon,123,502,0,0,0,0,121,7,0.61,0.28,0.94,0.1,7.42,2,35-49
alvarezbrogan,278,33648,0,0,1,0,1058,9967,0.35,0.0,0.15,0.26,3.73,1,18-24
ortizmarcos18,536,12438,0,0,1,0,711,4076,0.27,0.0,0.05,0.23,1.32,1,18-24
ferzequeira,553,52594,0,0,0,0,811,46240,0.32,0.0,0.01,0.3,1.13,1,18-24
genegutierrez3,543,7453,0,0,0,0,712,908,0.28,0.03,0.0,0.34,1.53,2,18-24
cathiib,6837,31307,0,0,0,0,6255,3378,0.39,0.05,0.1,0.62,2.7,2,18-24
ojecua,402,1055,0,0,0,0,328,44,0.81,0.28,0.24,0.11,3.7,2,25-34
francoarroyo6,608,16935,0,1,1,0,707,4234,0.38,0.01,0.22,0.12,1.94,1,18-24
cabj_ayrton,1007,37181,0,0,0,1,1092,12430,0.06,0.0,0.06,0.28,2.03,2,10-17
solemi245,219,14172,0,0,0,0,383,2713,0.16,0.01,0.11,1.03,1.41,1,10-17
jona_garciaa,271,8208,0,0,1,0,374,1890,0.18,0.02,0.02,0.35,1.06,1,18-24
rodrii_akd_s2,1051,35393,0,0,1,1,1011,1044,0.01,0.01,0.3,0.24,1.32,1,18-24
sssssharo,152,3395,0,0,0,0,84,1936,0.21,0.0,0.11,0.27,2.97,2,18-24
leonardpera,1008,12672,0,0,0,0,1158,380,0.61,0.26,0.31,0.06,2.57,1,35-49
furtadogus,655,19254,0,0,0,0,392,4152,0.32,0.78,0.46,0.24,4.31,1,25-34
aldiibogado1,1136,33883,0,0,0,0,1519,5218,0.16,0.0,0.02,0.36,1.01,2,18-24
brendafranco_26,75,2667,0,0,0,0,46,1265,0.14,0.0,0.13,0.56,1.31,2,18-24
pityporcel,544,8560,0,0,0,1,647,1547,0.1,0.0,0.02,1.67,3.78,2,10-17
andisilva25,194,1866,0,0,0,1,177,1841,0.31,0.05,0.12,0.88,1.85,0,18-24
caamilachaparro,1559,33525,0,0,0,0,2990,15112,0.56,0.0,0.11,0.73,2.0,2,18-24
s4dnessdepress,187,824,0,0,0,0,35,2645,0.12,0.05,0.06,0.05,10.13,2,10-17
lauubigoni,271,18568,0,1,1,0,370,1691,0.46,0.01,0.04,0.2,1.21,2,18-24
robcarballo,2840,16012,0,0,0,0,2743,5,0.9,0.12,0.25,0.06,2.02,1,50-xx
qacgonzalo,509,10197,0,0,0,0,275,3529,0.42,0.01,0.04,0.09,2.46,1,18-24
acoronadoc,215,12554,0,0,0,0,778,457,0.22,0.47,0.5,0.17,4.31,1,35-49
cbdk2011,262,166,0,0,0,0,30,166,0.85,0.04,0.25,0.84,12.7,2,35-49
santiagocalerok,945,16523,0,0,0,0,1015,2906,0.23,0.12,0.28,0.87,2.78,0,25-34
helenaresano,668,27794,0,0,1,0,84843,3238,0.3,0.07,0.2,0.1,3.84,2,35-49
srouvier,736,10845,0,0,0,0,2301,2829,0.73,0.29,0.18,0.1,2.51,2,35-49
almarro1,243,117,0,0,0,0,53,16,0.27,0.32,0.1,0.05,1.53,1,35-49
fedepellegrini_,634,4361,0,0,0,0,2274,3172,0.51,0.8,0.29,0.43,6.26,1,25-34
yazmin45401309,97,176,0,0,0,0,17,299,0.56,0.17,0.0,0.67,1.83,2,10-17
airee97,612,41660,0,0,1,0,420,38357,0.1,0.04,0.01,0.58,5.89,1,18-24
milibarrio_,951,6412,0,0,0,0,1063,3613,0.33,0.0,0.06,0.94,2.18,2,10-17
neverlandlss,614,36173,0,1,1,0,772,12288,0.13,0.0,0.37,0.21,2.7,2,10-17
eveehanahi,1511,45905,0,1,1,0,2638,23713,0.21,0.0,0.06,1.18,1.58,2,18-24
tinch0o,1046,3858,0,0,1,0,1265,4856,0.17,0.31,0.23,0.4,2.97,1,18-24
helenaancos,2411,16822,0,0,0,0,5173,7173,0.73,0.64,0.89,0.03,3.63,2,35-49
aleberiso,250,13243,0,0,0,0,297,1884,0.19,0.01,0.07,0.1,6.74,1,18-24
braiant93432642,154,8,0,0,0,0,8,50,0.4,0.0,0.0,0.6,1.2,1,10-17
ayllonmiguel,509,15078,0,0,0,0,698,5053,0.07,0.01,0.0,1.22,1.79,1,18-24
foto_roed,126,6128,0,0,0,0,136,4,0.0,0.0,0.88,0.0,23.96,1,10-17
hacheromero,2640,54004,0,0,0,0,3219,15170,0.95,0.07,0.52,0.14,2.49,1,35-49
aguswinehouse,351,9212,0,0,0,0,363,5484,0.07,0.55,0.44,1.39,4.23,1,18-24
rocionaizke1,218,2030,0,0,0,0,131,909,0.06,0.2,0.05,1.18,2.19,2,18-24
matiasgaray_17,162,7363,0,0,1,0,249,3484,0.51,0.08,0.23,0.49,2.29,1,25-34
toledoceleste_,585,384,0,0,1,0,175,65,0.18,0.04,0.08,0.62,4.77,2,10-17
nubifernandez,758,25480,0,0,0,0,465,4093,0.31,0.01,0.17,0.35,1.88,2,18-24
carosa_93,945,744,0,0,0,0,333,137,0.12,0.01,0.08,0.42,3.07,2,18-24
federicottero,372,5221,0,0,0,1,236,427,0.08,0.01,0.06,0.82,1.78,1,18-24
msconcu,1366,34687,0,0,0,0,3207,5277,0.79,0.49,0.42,0.5,2.71,2,35-49
kicorangel,939,4823,0,0,0,0,1336,562,0.57,0.23,0.41,0.25,3.14,1,35-49
yaaamicuevas,699,28608,0,0,0,1,650,78,0.17,0.03,0.14,0.6,2.2,2,18-24
diegocobelo,178,340,0,0,0,0,320,11,0.89,0.61,0.17,0.24,2.3,1,25-34
lnavarreta,1051,15333,0,0,0,0,1117,416,0.09,0.0,0.0,0.27,1.2,2,18-24
lauu00,603,35566,0,0,0,0,659,15980,0.21,0.0,0.17,0.72,1.19,2,10-17
pedrobiurrun,468,11515,0,0,0,0,3766,145,0.58,0.05,0.77,0.03,3.5,1,50-xx
francoserra17,409,8551,0,0,1,0,540,1622,0.09,0.0,0.03,0.25,0.91,0,18-24
jennbardecio,129,124,0,0,0,0,30,514,1.12,0.18,0.07,1.2,2.45,2,25-34
ferrr_21,1817,18382,0,0,1,1,949,12157,0.1,0.04,0.16,0.42,1.95,2,18-24
macu_abrigo,548,12742,0,0,0,0,583,2754,0.09,0.05,0.03,0.15,1.58,1,18-24
emoragues,947,1456,0,0,0,0,571,17378,0.87,0.42,0.13,0.11,2.47,1,35-49
terevazquez_12,357,30930,0,1,0,1,591,2696,0.07,0.02,0.15,1.71,1.77,2,18-24
bekernanni,1835,21978,0,0,0,0,3441,35575,0.17,0.0,0.16,0.35,2.81,2,18-24
rbeleenn,786,19024,0,0,0,1,592,11175,0.28,0.06,0.18,0.7,3.36,2,18-24
niicosiilvaa,1127,30747,0,0,1,0,1618,10461,0.4,0.0,0.15,0.14,1.87,0,18-24
fabri_lares,437,10019,0,0,1,0,478,4009,0.19,0.02,0.07,0.5,3.01,2,18-24
roohernande,2216,26783,0,0,0,0,1848,23338,0.1,0.01,0.04,1.18,1.42,1,18-24
12arielsosa,186,6510,0,0,0,0,1681,3857,0.51,0.16,0.21,0.21,5.3,1,25-34
agusmansilla17,133,1891,0,0,1,0,129,179,0.03,0.0,0.01,0.04,1.64,2,18-24
rtafernaberry,980,1536,0,0,0,0,3186,11310,0.49,0.12,0.24,0.05,3.94,1,18-24
emi_andes,259,14083,0,0,1,0,265,10832,0.19,0.0,0.25,0.23,5.35,1,18-24
jgarridoo,651,9452,0,0,0,0,1359,1113,1.02,1.47,0.77,0.02,5.55,1,50-xx
totomayora,468,33366,0,0,0,1,713,4499,0.3,0.0,0.06,0.26,1.42,1,18-24
roomiicaceress,46,346,0,1,0,0,39,229,0.09,0.03,0.1,1.45,1.43,2,18-24
lucasattadio123,922,23772,0,0,0,0,885,1099,0.03,0.01,0.01,0.83,1.87,1,10-17
milii1224,309,15257,0,0,0,0,304,2864,0.09,0.04,0.04,1.26,1.52,2,18-24
santtimartinez5,85,119,0,0,0,0,1969,152,0.75,0.04,0.13,2.55,3.46,2,25-34
ssdiaz19,704,43323,0,0,0,0,1422,11546,0.14,0.01,0.05,0.17,1.36,2,18-24
wistonguerra,584,1034,0,0,0,0,446,252,0.07,0.01,0.0,0.0,6.59,1,25-34
diego_acevedo1,407,5267,0,0,0,0,594,392,0.16,0.2,0.09,0.45,4.15,1,18-24
vanis,1377,40591,0,0,0,0,52718,4077,1.03,0.27,0.28,0.19,3.01,1,35-49
sofiintvg,1329,43538,0,0,0,0,1659,13074,0.32,0.0,0.2,0.48,1.56,2,18-24
jalguerrero,534,10923,0,0,0,0,3915,0,2.86,0.0,0.94,0.02,6.23,1,50-xx
sebbasok,571,35330,0,0,1,0,1018,4,0.2,0.02,0.17,0.31,1.51,1,18-24
lulypeteanc,708,20650,0,0,0,0,843,2427,0.4,0.13,0.04,1.12,2.71,2,18-24
nagodelos,937,4929,0,0,0,0,5648,1345,1.43,0.77,0.51,0.28,3.12,2,35-49
claricaballeroo,912,28563,0,0,1,0,1079,11688,0.26,0.0,0.04,0.95,1.56,2,18-24
juanmerodio,60,22693,0,0,0,0,101351,56,0.43,0.58,0.76,0.36,13.17,1,25-34
orianamanfredo,1065,21425,0,0,0,1,996,4103,0.27,0.01,0.01,0.64,1.52,2,18-24
tinamadx,164,507,0,0,0,1,108,285,0.07,0.72,0.86,0.23,6.75,2,18-24
anarivas_35,666,2117,0,1,0,0,551,3755,0.42,0.01,0.16,2.07,2.36,2,10-17
jjoacosala_2_5,132,340,0,0,1,0,10,440,1.77,0.04,0.02,0.21,1.95,2,10-17
thinchomontero,831,19378,0,0,0,0,854,5426,0.21,0.14,0.14,0.61,1.78,1,18-24
ayee_rodriguez1,359,52176,0,0,0,1,405,2455,0.19,0.01,0.18,0.53,1.77,2,18-24
rocioloscalzo,1648,84,0,0,0,0,592,42,0.32,0.09,0.0,0.03,0.65,2,18-24
lfechegaray,749,4422,0,0,0,0,2005,1448,0.88,0.18,0.02,0.12,5.81,1,35-49
horaciodesauce,82,268,0,0,0,0,72,260,0.49,0.0,0.23,0.12,4.58,1,50-xx
el_huno,534,2890,0,0,0,0,307,538,0.24,0.19,0.78,0.02,3.64,1,25-34
bibiladi,68,198,0,0,0,0,198,227,0.82,0.34,0.09,0.08,2.33,2,35-49
arenzojulian,314,10203,0,0,0,0,443,6195,0.62,0.05,0.1,0.08,2.43,1,10-17
luzdaiiana,3546,32981,0,0,0,0,3719,27651,0.16,0.01,0.2,0.42,3.66,2,18-24
mariouberti,333,4337,0,0,0,0,5896,82,0.15,0.01,0.43,0.02,5.04,1,25-34
anitafraga,415,70755,0,1,1,0,993,37704,0.15,0.0,0.09,0.07,3.88,2,18-24
valetabarees,863,18107,0,0,0,0,806,5198,0.25,0.0,0.08,0.43,1.26,2,18-24
alexistokayukok,858,37421,0,0,0,1,1506,15811,0.42,0.03,0.1,0.52,1.77,1,18-24
juanppineiro,2400,7197,0,0,0,0,861,20709,0.96,0.13,0.19,0.21,4.84,1,25-34
fedelarralde,352,12098,0,0,0,0,347,1186,0.54,0.46,0.24,0.24,2.52,1,25-34
alberto_blanco,897,10770,0,0,0,0,5371,5,1.03,0.5,0.63,0.2,3.45,1,35-49
byimpactada,390,35811,0,0,0,0,472,1845,0.28,0.06,0.27,0.46,2.4,2,18-24
pilarajev,96,1776,0,0,0,0,435,430,1.94,0.33,0.13,0.05,3.59,2,35-49
pettytaberner,408,16015,0,0,0,0,586,2092,0.24,0.01,0.02,0.27,4.49,1,18-24
diegocastagno,1363,2524,0,0,0,0,755,3130,1.35,0.21,0.05,0.16,2.37,1,25-34
carlosecue,1129,18546,0,0,0,0,114343,92,0.55,0.01,0.38,0.06,3.37,1,35-49
fabianparcerito,710,19938,0,0,0,1,895,4264,0.16,0.11,0.05,0.28,1.12,1,18-24
paurey8,703,16553,0,1,1,0,868,6281,0.44,0.0,0.15,1.05,1.51,1,10-17
diegoisabel1,1919,4959,0,0,0,0,10948,1122,1.16,0.14,0.53,0.12,3.75,1,35-49
agusmerlojr,466,38754,0,0,0,0,722,1411,0.12,0.0,0.01,0.21,1.16,1,18-24
el_pakozoico,963,7101,0,0,0,0,3154,4891,1.59,0.39,0.23,0.27,3.33,1,25-34
chrispysny,487,41315,0,0,0,1,647,6414,0.19,0.0,0.26,0.28,2.12,1,18-24
daniel_a_gamboa,1027,9264,0,0,0,0,276,1034,0.47,0.19,0.74,0.04,8.42,1,25-34
canariaa10,357,465,0,0,0,0,143,176,0.19,0.02,0.27,0.46,5.26,2,10-17
ramirofortea,99,954,0,0,0,0,110,27,0.3,0.33,0.69,0.06,4.99,1,35-49
luisgosalbez,335,6124,0,0,0,0,2041,896,0.96,0.24,0.16,0.43,3.19,1,35-49
mikaela241206,5001,336,0,0,1,0,3204,952,0.94,0.39,0.01,0.23,7.18,2,18-24
cuervolobos,327,3447,0,0,0,0,329,971,0.41,0.14,0.03,0.22,3.93,2,18-24
laurazalazar3,435,6146,0,0,0,0,315,2867,0.12,0.0,0.04,2.6,2.04,2,18-24
learojitaaaaa,161,4244,0,0,0,0,393,940,0.12,0.05,0.07,0.23,2.13,1,18-24
mgdelpozuelo,13658,3311,0,0,0,0,32285,2446,1.12,0.53,0.67,0.02,2.87,2,35-49
paola99328434,119,9,0,0,0,0,12,1,0.5,0.0,0.0,0.0,1.0,2,35-49
miguel_a_alonso,170,3351,0,0,0,0,216,1503,0.36,0.03,0.72,0.06,3.84,1,35-49
maxiiiramos,675,11402,0,0,0,0,722,3362,0.31,0.01,0.07,0.42,1.49,1,18-24
javierbri,694,9217,0,0,0,0,725,1152,1.2,0.97,0.9,0.22,2.47,1,35-49
melisafreiria,1681,7026,0,0,0,0,914,6742,0.97,0.33,0.21,0.22,2.97,2,18-24
nikysemeria,414,23325,0,0,1,0,580,8524,0.07,0.0,0.23,0.38,2.04,2,18-24
a_valenzuela,4188,47954,0,0,0,0,59272,33414,1.31,0.26,0.38,0.97,2.33,2,35-49
s4nz1b0lud0,3534,9505,0,0,1,0,1508,20149,1.2,0.07,0.03,0.34,12.49,2,10-17
the_pelado,541,4143,0,0,0,0,396,596,0.81,0.39,0.26,0.19,3.09,1,25-34
crisalonsofran,2120,24051,0,0,0,0,2160,2377,0.82,0.26,0.54,0.31,2.98,2,35-49
jul14nbarissani,709,31882,0,0,0,0,1135,5107,0.48,0.04,0.2,0.18,4.21,1,18-24
victoriacarrat2,97,4833,0,0,0,0,210,1135,0.11,0.0,0.05,0.12,1.31,2,10-17
joseerosaa,232,16543,0,0,0,0,400,3923,0.11,0.01,0.13,0.96,2.26,2,18-24
naniolivera1,309,3430,0,0,0,0,642,1667,0.14,0.0,0.09,1.0,1.08,2,18-24
tereamor,1605,45723,0,0,0,0,2246,1652,0.89,0.21,0.41,0.28,2.43,2,35-49
fraancodaaniel1,1077,22451,0,1,0,1,744,1741,0.05,0.02,0.01,0.14,1.35,1,10-17
paovillalba19,533,10617,0,1,0,1,719,4844,0.17,0.02,0.08,0.83,1.83,2,18-24
stellamariss22,36,895,0,0,0,0,35,1394,2.34,0.0,0.0,7.48,38.66,2,35-49
luzcattaneo,597,85962,0,0,0,0,1188,1435,0.19,0.0,0.07,0.85,1.8,2,18-24
leanelprooyt,30,40,0,0,0,0,10,144,0.63,0.0,0.5,0.19,12.25,1,10-17
pepecuesta,4219,6450,0,0,0,0,4837,198,1.16,0.27,0.3,0.39,3.43,1,35-49
micaelaagomeez1,256,9675,0,0,0,0,573,2973,0.02,0.01,0.12,0.74,1.99,2,18-24
katiibent,511,2680,0,0,1,0,542,2078,0.27,0.03,0.08,0.38,1.26,2,18-24
yaamiimz,634,9307,0,0,0,0,703,1134,0.08,0.04,0.1,1.04,1.72,2,18-24
santirayu,256,905,0,0,1,0,237,719,0.27,0.13,0.02,1.26,1.4,1,10-17
tomiisilvestre,482,5507,0,1,0,0,154,1824,0.26,0.01,0.15,0.42,1.67,1,10-17
juliroldan_,551,20585,0,0,1,0,367,9993,0.19,0.0,0.09,0.54,1.97,0,10-17
nachielhh,148,20126,0,0,0,0,342,1946,0.15,0.01,0.07,0.6,2.29,1,18-24
daianamln,1338,22129,0,0,1,0,1483,7673,0.28,0.0,0.01,0.22,1.47,2,18-24
ariarteagaok,297,2067,0,0,0,0,354,2572,0.52,0.21,0.09,0.67,4.18,2,18-24
quintanaili,159,728,0,0,0,0,65,135,0.14,0.0,0.1,0.35,1.89,0,10-17
marcefrontale,719,264,0,0,0,0,57021,11,0.6,0.16,0.17,0.0,2.34,1,25-34
fernand0,3103,64819,0,0,0,0,6011,2035,0.36,0.01,0.48,0.1,2.15,1,35-49
juancarcubeiro,3094,25310,0,0,0,0,13996,1947,1.31,1.14,0.77,0.06,5.37,1,50-xx
nicoolemagali,1058,9466,0,0,0,0,1139,8983,0.18,0.0,0.12,0.68,2.6,2,18-24
lautaurtiaga,59,112,0,0,0,0,50,35,0.57,0.15,0.47,0.25,3.79,0,18-24
dosalmasunamor,2680,88229,0,0,0,0,3441,38626,0.33,0.12,0.27,0.24,7.37,1,18-24
arielchampanier,333,4307,0,0,0,0,1236,262,0.31,0.01,0.16,0.01,3.63,1,10-17
melgauu,459,47669,0,0,0,0,692,10359,0.12,0.02,0.1,0.42,2.31,2,18-24
caritofrias99,686,21596,0,0,1,0,597,7102,0.06,0.01,0.06,0.62,1.8,0,18-24
luciaide93,520,4689,0,0,0,0,711,4860,0.71,0.0,0.02,0.25,1.66,2,18-24
fariasxiomara1,470,9085,0,0,0,0,300,8145,0.76,0.03,0.14,0.16,8.78,2,18-24
abrildomeno,446,36406,0,0,0,1,975,8168,0.22,0.0,0.11,0.2,2.97,2,18-24
aluuzotta,425,3337,0,0,0,0,425,970,0.39,0.08,0.01,0.58,1.59,2,18-24
marielabejar,994,36672,0,0,0,0,8831,823,0.43,0.49,0.52,0.22,3.51,2,35-49
federiicogrosso,441,4643,0,0,0,0,226,982,0.25,0.26,0.07,0.01,4.48,1,25-34
tatianamartin3z,752,17106,0,0,0,0,953,8544,0.16,0.01,0.08,0.59,1.24,0,10-17
yamiimedinaa,722,31661,0,0,0,1,882,5057,0.29,0.0,0.05,0.18,1.52,2,18-24
lopezdoriga,1341,195412,0,0,0,0,7858480,746,0.29,0.27,0.87,0.05,4.79,1,50-xx
alan_corrarello,1388,17437,0,0,1,0,1138,13893,0.36,0.0,0.1,0.34,2.28,1,18-24
hectormilla,737,16814,0,0,0,0,3991,1682,0.38,0.21,0.81,0.06,3.07,1,50-xx
cabragnr,1047,62780,0,0,0,0,1653,9011,0.42,0.0,0.07,0.17,2.23,2,18-24
josefinamosser,703,92218,0,0,0,0,1609,17343,0.31,0.0,0.14,0.76,1.54,2,18-24
miliicar_26,776,2619,0,1,1,0,692,1652,0.03,0.23,0.15,0.97,3.04,2,18-24
carmenalcayde,445,17546,0,0,0,0,319503,1717,0.33,0.4,0.77,1.65,2.42,2,35-49
thffernando,153,42367,0,0,0,0,12379,1069,1.74,0.02,0.24,0.03,6.44,1,35-49
aniitacaru,475,41408,0,1,0,1,834,8459,0.31,0.17,0.19,0.48,1.94,2,18-24
espinosa_albert,462,14010,0,0,0,0,204601,23385,0.77,0.11,0.14,0.7,1.88,1,35-49
anablanco_tve,73,204,0,0,0,0,118668,1,0.23,0.6,0.11,0.06,5.13,2,50-xx
oscargcervella,821,7160,0,0,0,0,421,612,0.09,1.21,0.92,0.04,4.45,1,35-49
belenboville,477,584,0,0,0,1,593,41,0.76,0.1,0.5,0.02,4.79,2,50-xx
marmira95528549,119,545,0,0,0,0,36,484,0.09,0.08,0.04,1.15,2.45,0,10-17
francmessineo,1123,31658,0,0,1,0,1806,5487,0.27,0.01,0.1,0.18,1.43,1,18-24
nancyblanchar17,298,263,0,0,0,0,38,12,0.84,0.0,0.03,0.03,3.73,2,35-49
alexissalleok,4947,181212,0,0,0,1,1869,44319,0.65,0.0,1.0,0.04,4.09,1,18-24
brianramirez98,824,4229,0,0,0,0,493,552,0.07,0.11,0.22,0.34,2.54,1,18-24
pablo_astudillo,174,2494,0,0,0,0,105,33,0.29,0.07,0.27,0.26,3.27,1,25-34
jurimarok,483,5170,1,0,0,0,248,3693,1.23,0.56,0.24,1.05,3.68,1,10-17
martintf1,153,4914,0,0,0,0,1603,28,0.68,0.17,0.37,0.02,4.32,1,35-49
blaasgomez,507,24452,0,0,0,0,950,1978,0.09,0.01,0.02,0.33,3.03,1,18-24
miilycosta_1,114,3185,0,1,1,0,226,705,0.1,0.05,0.12,0.77,1.22,2,10-17
mranera,25394,11714,0,0,0,0,50524,421,1.38,1.11,0.66,0.05,5.37,2,50-xx
pcvillarcayo,345,4902,0,0,0,0,614,1813,1.29,1.28,0.39,0.18,4.6,1,35-49
franiipanita,404,7198,0,0,0,0,438,7885,0.4,0.0,0.1,0.07,1.77,1,10-17
matiasfritzz,274,6040,0,1,0,1,473,466,0.15,0.31,0.08,0.19,2.69,1,10-17
lnahuelfb,833,42074,0,0,1,0,1157,24098,0.37,0.0,0.18,0.05,2.56,1,18-24
alaanpedraza,153,2832,0,0,0,0,182,847,0.24,0.15,0.01,0.35,1.47,1,18-24
jessicapr1202,560,44681,0,0,1,0,1160,2937,0.15,0.0,0.12,0.08,1.23,2,10-17
thaliguiniazu,454,94021,0,0,1,0,1305,1428,0.2,0.0,0.0,0.91,1.37,2,18-24
elvikingogordo,274,6801,0,0,0,0,128,2162,2.67,0.0,0.03,0.21,2.38,1,25-34
nachogmoreira,2347,18233,0,0,0,0,1612,5896,0.59,0.06,0.06,0.41,2.78,0,18-24
ncampos,1789,7606,0,0,0,0,1837,7,0.82,0.3,0.08,0.02,3.25,1,35-49
laligoias,376,32985,0,0,0,0,641,1379,0.39,0.01,0.14,0.48,1.91,2,18-24
lucasanhornok,294,10162,0,1,1,0,451,3587,0.2,0.03,0.17,1.44,2.28,1,10-17
antoniorull,1393,37782,0,0,1,0,3884,2769,0.85,0.1,0.3,0.28,2.35,1,25-34
milagrosfelixd1,1090,10214,0,0,0,0,77,7075,1.23,0.07,1.0,2.38,7.53,2,18-24
juanjomorodo,193,4558,0,0,0,0,1976,39,0.27,2.0,0.13,0.04,5.62,1,50-xx
lautakischi_,261,28919,0,0,0,0,343,8671,0.38,0.05,0.04,0.64,1.82,1,18-24
lourdesmunoz,10826,21288,0,0,0,0,11318,6029,0.92,1.29,0.78,0.08,3.3,2,35-49
jesusencinar,402,10066,0,0,0,0,93419,1087,0.2,0.09,0.35,0.05,3.61,1,35-49
zarazaga_luis,284,192,0,0,0,0,76,4,1.13,0.0,0.08,0.01,1.83,1,50-xx
eliiarancibia02,1647,6983,0,0,0,1,904,1926,0.25,0.01,0.06,0.46,2.07,2,10-17
agustinbd,95,4445,0,0,0,0,86,960,0.4,0.26,0.13,0.13,2.94,1,25-34
juanlusanchez,2415,56002,1,0,0,0,83894,12021,0.74,0.09,0.55,0.18,2.94,1,25-34
matyasnicolas98,495,4165,0,1,1,1,209,1810,0.14,0.03,0.18,0.72,2.3,1,18-24
chrisguevarauy,2206,260,0,0,0,0,1118,932,1.64,0.24,0.05,0.84,3.45,1,18-24
mmendizabal1,852,7052,0,0,0,0,129904,288,0.53,0.23,0.58,0.14,2.35,2,35-49
carorossio1,416,14375,0,0,1,0,471,2892,0.37,0.01,0.04,0.57,2.12,2,18-24
guilleceentral,3166,9985,0,0,1,0,1905,6014,0.08,0.05,0.07,0.75,2.09,0,18-24
anayfranco2015,56,90,0,0,1,0,4,52,0.18,0.37,0.43,2.37,9.88,2,18-24
luhherreraa,459,979,0,0,0,1,223,166,0.83,0.79,0.14,0.4,10.3,2,18-24
olgarodriguezfr,4792,17746,0,0,0,0,88404,39469,0.6,0.11,0.61,0.07,3.53,2,35-49
peer_fede,1620,41982,0,0,1,1,2208,25564,0.36,0.02,0.09,0.11,3.07,1,18-24
camilocampero_,448,7348,0,0,1,0,461,4600,0.22,0.05,0.1,0.43,4.15,1,18-24
gonzalopessano_,10627,86710,0,0,1,1,14767,26723,0.11,0.01,0.27,0.2,3.1,1,18-24
mrgomezponce,2894,11231,0,0,0,0,4179,9738,1.26,1.13,0.57,0.15,4.86,2,35-49
antogabas,483,1233,0,0,1,0,388,2387,0.2,0.02,0.02,1.02,1.52,2,10-17
franco_queve2,284,64157,0,0,0,0,416,3933,0.18,0.0,0.06,0.44,1.94,1,18-24
flor_belieber5,2536,55184,0,0,0,1,2225,20044,0.11,0.24,0.15,0.33,8.45,1,10-17
dangaer,33,15994,0,0,0,0,213,349,0.39,0.0,0.45,0.01,16.51,1,25-34
sebasmuriel,7968,53151,0,0,0,0,17912,2,0.68,0.12,0.82,0.26,1.01,1,35-49
mati_bentancur,165,236,0,0,0,0,89,21,0.1,0.0,0.09,0.79,1.14,1,18-24
ailenarmada,357,13210,0,0,0,1,594,769,0.19,0.08,0.05,0.6,1.53,2,18-24
aylengarialde,239,12059,0,0,0,0,448,10506,0.22,0.0,0.15,1.13,1.74,1,10-17
pfcdgayo,742,7170,0,0,0,0,1305,10030,1.06,0.02,0.17,0.19,2.27,1,35-49
mikygnr,1045,62784,0,0,0,0,1652,9016,0.42,0.0,0.07,0.17,2.24,2,18-24
camilaperez2013,148,2478,0,0,1,0,209,2118,0.28,0.15,0.14,1.9,2.03,1,10-17
briangonzaa,995,12980,0,0,1,0,1778,6950,0.03,0.0,0.0,0.33,1.06,1,10-17
guzmanpaz99,71,88209,0,0,0,1,879,5247,0.09,0.02,0.04,0.36,1.63,1,18-24
santifariasok,184,3738,0,0,0,0,286,2201,0.11,0.0,0.02,1.07,1.5,0,10-17
gino_delu,103,9277,0,0,0,0,266,1400,0.29,0.01,0.01,0.04,0.57,1,18-24
javiersalinas00,1115,19971,0,0,0,0,846,43,0.29,0.2,0.44,0.02,2.82,1,25-34
luudmiipeerez,343,15692,0,0,0,0,452,7141,0.14,0.0,0.01,0.87,1.55,2,10-17
luisdiazdeldedo,347,606,0,0,0,0,53131,12070,1.36,0.27,0.13,0.47,3.44,1,25-34
julieta1252,1140,29675,0,0,0,0,1140,9433,0.14,0.0,0.02,0.8,1.27,2,18-24
milulaarroquy,407,35375,0,0,0,0,703,6730,0.25,0.03,0.09,1.62,1.58,2,18-24
merlogonzaloo,927,1050,0,0,0,0,537,723,0.24,0.01,0.05,0.4,1.19,1,18-24
nicozarrelli,805,10384,0,0,1,0,804,9508,0.62,0.0,0.06,0.16,3.25,1,18-24
lu_leg_,662,16007,0,0,1,0,1232,10913,0.29,0.0,0.23,0.15,0.59,2,10-17
luislopezcuenca,461,4904,0,0,0,0,1432,1142,1.3,0.75,0.43,0.43,3.41,1,25-34
lucia_villar,321,19987,0,0,0,0,512,7883,0.54,0.04,0.03,0.61,3.26,2,25-34
maurivilaa,157,4072,0,0,0,0,195,947,0.2,0.0,0.06,0.07,2.79,1,10-17
alecordoba99,224,14594,0,1,1,0,326,6886,0.41,0.0,0.13,0.77,1.5,1,18-24
_anamilan_,671,63084,0,0,0,0,366573,12912,1.37,0.09,0.11,0.61,2.73,2,35-49
paaziibarbero99,431,127382,0,0,0,0,715,10489,0.31,0.0,0.03,0.16,2.43,2,10-17
florenciapolero,193,16032,0,1,1,0,292,2734,0.06,0.0,0.1,0.5,1.21,2,18-24
azul_cabrera,430,35721,0,0,0,0,626,4203,0.33,0.0,0.12,0.4,2.99,2,18-24
brianbentancor5,225,3004,0,0,0,0,105,3776,0.4,0.03,0.06,1.03,2.63,1,18-24
coloauteri97,515,63050,0,0,1,0,834,2633,0.22,0.0,0.0,0.25,1.11,2,18-24
iaanerik,360,15633,0,0,0,0,401,4300,0.32,0.04,0.04,0.15,2.34,1,18-24
esperanzaguirre,3653,5557,0,0,0,0,565178,2882,0.44,0.12,0.17,0.07,3.13,2,50-xx
rociovecino_19,794,18460,0,0,0,1,1054,1576,0.09,0.01,0.09,1.48,1.72,1,18-24
macakroneberger,655,22618,0,1,0,0,698,7193,0.35,0.01,0.09,0.56,1.41,2,18-24
fransaxlund,3144,35831,0,0,0,0,1196,7648,1.47,0.17,0.17,0.12,4.52,1,18-24
soleislas,362,41394,0,0,0,1,1602,5846,0.14,0.0,0.12,0.17,2.08,2,18-24
teresa_perales,733,2763,0,0,0,0,34013,6668,1.13,0.37,0.28,0.96,4.6,2,35-49
djfrancorecords,496,4658,0,0,0,0,217,584,0.13,0.04,0.1,0.35,3.49,1,18-24
juancmselma,536,8771,0,0,0,0,709,250,0.42,1.75,0.77,0.23,2.21,1,35-49
breenagustina1,359,2402,0,1,1,0,76,2037,0.24,0.01,0.03,0.74,3.72,2,10-17
leytonley,1616,18639,0,1,1,0,2474,7761,0.3,0.0,0.14,0.57,1.66,2,18-24
gomezdelpozuelo,12321,16454,1,0,0,0,93336,392,0.49,0.09,0.66,0.1,3.1,2,50-xx
psochan1,1576,11943,0,0,0,0,1411,7376,0.14,0.0,0.03,1.23,1.09,2,18-24
oliverapipi,772,31935,0,0,1,1,1746,11048,0.25,0.0,0.07,0.54,3.36,2,10-17
facusuarez08,250,9201,0,0,0,0,311,2538,0.47,0.02,0.11,0.1,2.47,1,18-24
oliveramatias96,34,42,0,0,0,0,9,9,0.04,0.07,0.11,1.22,2.07,1,18-24
catyforteza,921,686,0,0,0,0,137,190,1.09,0.19,0.16,0.22,1.44,2,25-34
barbykubar,1739,29867,0,0,0,0,786,19258,0.16,0.02,0.08,1.5,1.98,2,18-24
turdosalvador,557,3910,0,0,0,0,245,38,0.59,0.64,0.38,0.03,4.35,1,10-17
fede_matzner,374,110,0,0,0,0,40,507,0.9,0.28,0.16,0.5,2.56,1,18-24
aldanagonzalezb,541,25456,0,1,0,0,598,6694,0.15,0.01,0.1,0.97,1.66,2,18-24
magaolalde1,263,21566,0,1,1,0,441,365,0.22,0.0,0.01,1.22,2.17,2,18-24
miligimenezntvg,1794,17674,0,0,1,0,1792,720,0.09,0.06,0.03,0.13,1.96,2,18-24
luismiguelcas,1419,8914,0,0,0,0,806,422,1.04,0.47,0.43,0.03,3.7,1,35-49
alvaropole,330,6181,0,0,0,1,185,434,0.18,0.19,0.05,0.29,1.73,1,18-24
dunkaperra,126,6261,0,0,0,0,139,11078,1.47,0.02,0.0,0.89,2.67,2,35-49
perejoanmitjans,448,4639,0,0,0,0,480,1039,0.78,0.19,0.48,0.05,3.26,1,50-xx
juanant_galindo,4755,12856,0,0,0,0,8990,370,0.73,0.27,0.73,0.08,3.58,1,35-49
flordirende,64,6596,0,0,1,0,205,6170,0.97,0.18,0.12,1.03,9.52,2,10-17
acedotor,16825,110185,0,0,0,0,15950,13848,2.46,1.62,0.76,0.03,6.42,1,50-xx
etnika,671,6291,0,0,0,0,987,742,0.47,0.47,0.22,0.42,2.12,2,25-34
littlepearlblue,902,44463,0,0,0,0,1391,8647,0.22,0.03,0.22,0.39,12.98,0,10-17
eapesteguia,1566,36303,0,0,0,0,14685,4218,0.79,0.62,0.67,1.21,4.29,1,25-34
mendeguia54_pn,5001,10734,0,0,0,0,1069,6944,0.6,0.4,0.23,1.3,6.84,2,25-34
meliigonzzz,1982,75466,0,0,0,0,2837,16131,0.21,0.01,0.09,0.7,2.08,2,18-24
juampipak,707,8136,0,1,1,0,882,6179,0.87,0.01,0.11,0.24,1.96,1,18-24
amigerpe,159,5623,0,0,0,1,456,483,0.82,0.79,0.57,0.16,3.52,2,25-34
jazminalaimo,56,1874,0,0,0,0,59,1244,0.26,0.01,0.0,0.47,1.28,2,18-24
marcelo_pedrozo,3197,1787,0,0,1,0,500,4420,0.8,0.13,0.05,1.05,2.23,1,18-24
martinfagundez,321,8521,0,0,0,0,509,2331,0.28,0.11,0.27,0.96,3.63,1,18-24
albertoartero,74,17423,0,0,0,0,11001,3,0.83,0.04,0.46,0.04,3.21,1,35-49
pedroxfer,608,16852,0,1,1,0,732,6405,0.53,0.0,0.01,0.12,0.99,1,18-24
antolabriola_,525,21884,0,1,1,0,1849,1657,0.15,0.0,0.04,0.62,1.19,2,18-24
martarodrigueza,7815,27326,1,0,0,0,9393,12349,1.23,0.1,0.73,0.17,3.25,2,35-49
mauroleguiok,378,1190,0,0,0,1,404,246,0.26,1.45,0.38,0.45,7.13,1,25-34
claudio_felipe0,670,15433,0,0,0,0,311,15855,1.48,0.16,0.18,0.2,2.52,1,18-24
rodriibaez8,290,2276,0,0,1,1,235,1495,0.1,0.01,0.0,1.42,1.4,1,10-17
fabih10,1715,16709,0,0,1,0,1658,4805,0.4,1.23,0.66,0.74,5.83,2,18-24
deviasofia18,37,96,0,1,0,0,23,163,0.88,0.02,0.0,0.06,2.49,2,10-17
robertdelcap,430,13755,0,0,0,0,440,15469,0.29,0.08,0.21,1.05,3.18,1,18-24
jgonzalez_es,957,1574,0,0,0,0,823,777,1.13,0.66,0.98,0.04,4.07,1,50-xx
kaianetaiel27,448,2586,0,0,0,0,351,666,0.12,0.02,0.02,1.06,1.48,2,18-24
virgula,402,4191,0,0,0,0,1246,4,0.81,0.12,0.05,0.29,2.54,2,35-49
ludtaborda,348,2600,0,0,0,0,170,313,0.27,0.19,0.02,0.43,1.59,2,25-34
jvpf17,1932,13494,0,0,0,0,1027,8877,1.46,0.44,0.19,0.6,2.51,2,18-24
agussdrago,441,2343,0,0,0,1,267,3515,0.4,0.64,0.61,0.42,4.36,2,18-24
delfiiarballook,314,224,0,0,0,1,70,11,0.03,0.04,0.24,0.63,4.26,2,10-17
elviralindo,226,1887,0,0,0,0,235937,523,0.6,0.18,0.58,0.04,3.34,2,50-xx
fioventura,982,8140,0,0,0,0,697,5397,3.04,0.41,0.18,0.37,3.38,1,25-34
gabriel_218,1204,16378,0,0,0,1,326,14502,0.81,0.12,0.15,0.06,1.89,1,25-34
marianoaguus,687,2178,0,1,1,0,318,1623,0.49,0.16,0.2,0.1,1.28,1,18-24
tamiayala_,64,35549,0,0,1,0,281,153066,0.31,0.01,0.14,0.36,7.35,2,18-24
bica199,410,7937,0,0,0,0,438,3047,0.14,0.02,0.07,0.69,0.95,1,18-24
acliment,196,708,0,0,0,0,353,57,0.26,0.03,0.14,0.1,3.1,1,35-49
nicoplaza57,236,1105,0,0,0,0,136,693,0.36,0.22,0.05,0.12,1.76,1,18-24
luistomala,1609,735325,0,0,0,0,1886,773,0.14,0.08,1.03,0.03,2.86,1,25-34
lucasilva016,541,19277,0,1,1,0,1240,2545,0.04,0.0,0.01,0.23,1.02,1,10-17
jb_joacobolso,816,31859,0,1,1,0,1714,15062,0.12,0.0,0.3,0.13,1.81,1,10-17
chocholita17,734,13260,0,0,0,1,512,741,0.09,0.01,0.09,0.77,1.56,2,18-24
eliasro09,348,105499,0,0,0,0,1621,5329,0.13,0.0,0.03,0.41,1.62,1,18-24
lourdesverger,748,11937,0,0,0,0,1084,1616,0.57,0.56,0.41,0.27,3.13,2,25-34
yanella_salatto,15,18,0,0,0,0,3,44,0.44,0.06,0.06,2.5,1.13,1,10-17
elioseba,567,12259,0,0,0,0,787,3186,0.06,0.01,0.05,0.21,5.8,1,18-24
maleerok,246,5732,0,1,1,0,251,7295,0.48,0.01,0.17,0.7,1.43,0,18-24
abarceloh25,376,6319,0,0,0,0,410797,88,1.14,0.01,0.21,0.01,2.42,2,50-xx
guillesensini,314,29606,0,0,0,1,484,1635,0.17,0.02,0.04,0.23,1.45,2,18-24
cesarpiqueras,226,18136,0,0,0,0,13207,7096,0.18,0.89,0.47,0.35,3.29,1,35-49
cammiali,191,7863,0,0,0,1,465,203,0.1,0.16,0.1,1.23,1.75,1,18-24
mbritos1960,68,666,0,0,0,0,59,422,1.2,0.06,0.2,0.01,2.11,1,25-34
carolina__01,972,38978,0,0,0,0,927,8005,0.21,0.0,0.1,0.43,0.97,2,10-17
maiikoldadamia,131,1096,0,0,0,0,189,849,0.2,0.0,0.0,0.75,3.08,1,10-17
marta_dominguez,901,13521,0,0,0,0,1474,1797,0.36,0.31,0.63,0.16,3.37,2,35-49
perezreverte,889,31011,0,0,0,0,1899594,0,1.18,0.0,0.2,0.01,3.16,1,50-xx
ordonezrj,394,7313,0,0,0,0,147,5016,1.3,0.01,0.18,0.01,5.95,1,25-34
nicolasmesa93,1351,9653,0,0,1,0,1472,4034,0.09,0.01,0.1,0.13,1.11,2,18-24
nuriarocagranel,230,29555,0,0,0,0,229492,35,0.69,0.31,0.56,2.16,13.07,2,35-49
canelulyyy,903,5689,0,0,0,0,504,255,0.03,0.21,0.03,0.47,4.0,2,18-24
globaltattooma,13,5325,0,0,0,0,230,0,0.0,0.02,1.09,0.03,7.97,2,35-49
energica,1210,7220,0,0,0,0,2486,2775,0.91,0.18,0.27,0.12,2.04,2,25-34
agusvillaarreal,428,18979,0,0,1,1,770,5692,0.24,0.0,0.05,0.56,1.52,2,18-24
jluisfoglia,150,4157,0,0,0,0,98,1128,0.91,0.09,0.21,0.02,23.69,1,10-17
petezin,6417,46977,0,0,0,0,42553,8431,1.2,0.56,0.53,0.18,3.58,2,25-34
zaii_aiilen,823,4353,0,0,1,0,1144,3813,0.85,0.35,0.35,1.34,5.43,2,18-24
jmgomezperez,1730,8466,0,0,0,0,1791,1,0.48,0.1,0.26,0.09,3.1,1,35-49
clementealvarez,1181,3686,0,0,0,0,11554,707,0.31,0.13,0.74,0.04,2.83,1,35-49
jhohanaaaam,616,11024,0,0,1,0,862,4001,0.23,0.0,0.07,0.3,1.24,2,10-17
carmengelices,604,1346,1,0,0,0,327,134,0.52,0.3,0.47,0.12,3.84,2,35-49
cxfxo,1439,12069,0,0,0,0,427,5761,0.43,0.68,0.12,0.22,3.91,2,25-34
hector_cabrera_,216,647,0,0,0,0,242,85,0.83,0.52,0.57,0.04,5.52,1,35-49
mbelenfig,271,862,0,0,0,0,78,25,0.13,0.08,0.04,0.93,1.74,2,18-24
garciaaller,2443,13488,0,0,1,0,13344,9419,1.29,0.2,0.42,0.06,2.88,2,25-34
zooerivas77,527,4291,0,0,0,0,449,677,0.14,0.02,0.22,1.16,2.02,1,18-24
floaloy,857,20526,0,0,0,0,1112,3929,0.55,0.0,0.02,0.99,1.58,2,10-17
nahucatuok,493,6912,0,1,0,0,453,2474,0.48,0.01,0.17,0.76,1.83,1,18-24
leitogioiosa,462,9935,0,1,1,0,960,11368,0.38,0.0,0.09,0.22,3.46,1,10-17
gonzamederos1,118,18169,0,1,1,0,600,3596,0.23,0.0,0.06,0.12,1.46,1,10-17
sofiinromero,44,1381,0,0,0,1,83,399,0.98,0.88,0.21,0.25,9.85,2,18-24
joanplanas,3183,25859,0,0,1,0,4343,833,0.83,0.06,0.38,0.2,2.39,1,25-34
marsitavidal,306,47990,0,0,1,0,512,26380,0.25,0.03,0.21,0.92,4.98,2,18-24
richardcv23,73,432,0,0,0,0,698,168,0.67,0.01,0.15,0.02,3.46,1,35-49
brian_matassa,168,19338,0,0,0,0,1033,4117,0.16,0.01,0.06,0.64,5.53,1,18-24
geral_centu,733,25042,0,0,0,0,880,3552,0.32,0.0,0.03,1.18,1.65,0,10-17
cris_villanueva,433,3473,0,0,0,0,27306,409,0.89,0.16,0.22,0.13,3.29,2,35-49
fiammarusso,90,248,0,0,0,0,64,382,0.18,0.07,0.11,2.38,3.2,2,18-24
gomez19_sophie,750,44085,0,0,0,0,826,10254,0.2,0.0,0.18,0.13,4.58,2,18-24
brianinsuacjs,6729,34570,0,0,1,0,8004,9537,0.16,0.01,0.07,0.44,1.9,1,18-24
mili_campos_,527,3304,0,0,0,0,721,1296,0.15,0.03,0.07,1.79,1.43,2,18-24
nachodiodato,388,12246,0,0,0,0,402,2627,0.29,0.0,0.03,0.15,0.92,1,18-24
marielloza,335,7092,0,0,0,0,637,2119,0.09,0.0,0.15,1.03,1.17,2,18-24
cayuyulii,2903,6962,0,1,0,0,1378,2293,0.17,0.01,0.12,1.09,1.61,2,18-24
annto_b,883,1470,0,0,1,0,458,1687,0.67,0.62,0.07,1.5,4.11,1,18-24
vicoelgart,285,10694,0,0,0,0,452,3379,0.28,0.01,0.05,1.39,3.38,2,18-24
pasu97,456,22726,0,0,0,0,541,7295,0.46,0.0,0.02,0.46,1.11,1,18-24
toomyraffin,216,22189,0,1,1,0,272,6029,0.38,0.0,0.06,0.07,1.58,1,18-24
jsanchezfranco,1195,4151,0,0,0,0,1529,773,0.43,1.45,0.3,0.06,3.02,1,35-49
barbicaparros,225,14598,0,0,1,0,358,2569,0.07,0.04,0.04,0.24,2.79,2,18-24
sebagarate_,409,7058,0,0,0,0,634,2546,0.22,0.0,0.01,0.21,1.02,1,10-17
